<?xml version="1.0" encoding="UTF-8"?><ValueSet xmlns="http://hl7.org/fhir"><id value="BeMedicationLineRegistrationStatusVS"/><text><status value="generated"/><div xmlns="http://www.w3.org/1999/xhtml"><p class="res-header-id"><b>Generated Narrative: ValueSet BeMedicationLineRegistrationStatusVS</b></p><a name="BeMedicationLineRegistrationStatusVS"> </a><a name="hcBeMedicationLineRegistrationStatusVS"> </a><ul><li>Include all codes defined in <a href="CodeSystem-BeMedicationLineRegistrationStatus.html"><code>https://www.ehealth.fgov.be/standards/fhir/terminology/CodeSystem/BeMedicationLineRegistrationStatus</code></a> version <span title="Version is not explicitly stated, which means it is fixed to the version provided in this specification">📦1.1.0</span></li></ul></div></text><url value="https://www.ehealth.fgov.be/standards/fhir/terminology/ValueSet/BeMedicationLineRegistrationStatusVS"/><version value="1.1.0"/><name value="BeMedicationLineRegistrationStatusVS"/><title value="Medication Line Registration Status Value Set"/><status value="active"/><experimental value="false"/><date value="2025-10-10T10:16:02+00:00"/><publisher value="eHealth Platform"/><contact><name value="eHealth Platform"/><telecom><system value="url"/><value value="https://www.ehealth.fgov.be/standards/fhir"/></telecom><telecom><system value="email"/><value value="support@be-ehealth-standards.atlassian.net"/></telecom></contact><contact><name value="Message Structure eHealth"/><telecom><system value="email"/><value value="support@be-ehealth-standards.atlassian.net"/><use value="work"/></telecom></contact><description value="This value set includes the registration statuses for medication lines."/><jurisdiction><coding><system value="urn:iso:std:iso:3166"/><code value="BE"/><display value="Belgium"/></coding></jurisdiction><compose><include><system value="https://www.ehealth.fgov.be/standards/fhir/terminology/CodeSystem/BeMedicationLineRegistrationStatus"/></include></compose></ValueSet>