{
  "resourceType" : "ValueSet",
  "id" : "d4c1d04f-5aaa-4283-9e2f-f6cc0515e0bb-2",
  "url" : "http://hl7.org/fhir/comparison/ValueSet/d4c1d04f-5aaa-4283-9e2f-f6cc0515e0bb-2",
  "name" : "UnionDispenserTypesAndDispenserTypes",
  "title" : "Union of Dispenser Types And Dispenser Types",
  "status" : "active",
  "date" : "2025-10-10T10:17:15+00:00",
  "jurisdiction" : [{
    "coding" : [{
      "system" : "urn:iso:std:iso:3166",
      "code" : "BE",
      "display" : "Belgium"
    }]
  }],
  "compose" : {
    "include" : [{
      "concept" : [{
        "code" : "deptpharmacy"
      },
      {
        "code" : "perspharmacist"
      },
      {
        "code" : "orgpharmacy"
      },
      {
        "code" : "perspharmacyassistant"
      },
      {
        "code" : "perspharmacistclinicalbiologist"
      },
      {
        "code" : "persdentist"
      },
      {
        "code" : "deptdentistry"
      }]
    }]
  }
}