<?xml version="1.0" encoding="UTF-8"?><StructureDefinition xmlns="http://hl7.org/fhir"><id value="be-model-medication-dispense"/><text><status value="extensions"/><div xmlns="http://www.w3.org/1999/xhtml"><table border="0" cellpadding="0" cellspacing="0" style="border: 0px #F0F0F0 solid; font-size: 11px; font-family: verdana; vertical-align: top;"><tr style="border: 1px #F0F0F0 solid; font-size: 11px; font-family: verdana; vertical-align: top"><th style="vertical-align: top; text-align : left; background-color: white; border: 0px #F0F0F0 solid; padding:0px 4px 0px 4px" class="hierarchy"><a href="http://hl7.org/fhir/R4/formats.html#table" title="The logical name of the element">Name</a></th><th style="vertical-align: top; text-align : left; background-color: white; border: 0px #F0F0F0 solid; padding:0px 4px 0px 4px" class="hierarchy"><a href="http://hl7.org/fhir/R4/formats.html#table" title="Information about the use of the element">Flags</a></th><th style="vertical-align: top; text-align : left; background-color: white; border: 0px #F0F0F0 solid; padding:0px 4px 0px 4px" class="hierarchy"><a href="http://hl7.org/fhir/R4/formats.html#table" title="Minimum and Maximum # of times the the element can appear in the instance">Card.</a></th><th style="width: 100px" class="hierarchy"><a href="http://hl7.org/fhir/R4/formats.html#table" title="Reference to the type of the element">Type</a></th><th style="vertical-align: top; text-align : left; background-color: white; border: 0px #F0F0F0 solid; padding:0px 4px 0px 4px" class="hierarchy"><a href="http://hl7.org/fhir/R4/formats.html#table" title="Additional information about the element">Description &amp; Constraints</a><span style="float: right"><a href="http://hl7.org/fhir/R4/formats.html#table" title="Legend for this format"><img src="http://hl7.org/fhir/R4/help16.png" alt="doco" style="background-color: inherit"/></a></span></th></tr><tr style="border: 0px #F0F0F0 solid; padding:0px; vertical-align: top; background-color: white"><td style="vertical-align: top; text-align : left; background-color: white; border: 0px #F0F0F0 solid; padding:0px 4px 0px 4px; white-space: nowrap; background-image: url(tbl_bck1.png)" class="hierarchy"><img src="tbl_spacer.png" alt="." style="background-color: inherit" class="hierarchy"/><img src="icon_element.gif" alt="." style="background-color: white; background-color: inherit" title="Element" class="hierarchy"/> <a href="StructureDefinition-be-model-medication-dispense-definitions.html#BeModelMedicationDispense">BeModelMedicationDispense</a><a name="BeModelMedicationDispense"> </a></td><td style="vertical-align: top; text-align : left; background-color: white; border: 0px #F0F0F0 solid; padding:0px 4px 0px 4px" class="hierarchy"/><td style="vertical-align: top; text-align : left; background-color: white; border: 0px #F0F0F0 solid; padding:0px 4px 0px 4px" class="hierarchy">0..*</td><td style="vertical-align: top; text-align : left; background-color: white; border: 0px #F0F0F0 solid; padding:0px 4px 0px 4px" class="hierarchy"><a href="http://hl7.org/fhir/R4/datatypes.html#Element">Element</a></td><td style="vertical-align: top; text-align : left; background-color: white; border: 0px #F0F0F0 solid; padding:0px 4px 0px 4px" class="hierarchy">An individual record of a medication dispense<br/></td></tr>
<tr style="border: 0px #F0F0F0 solid; padding:0px; vertical-align: top; background-color: #F7F7F7"><td style="vertical-align: top; text-align : left; background-color: #F7F7F7; border: 0px #F0F0F0 solid; padding:0px 4px 0px 4px; white-space: nowrap; background-image: url(tbl_bck10.png)" class="hierarchy"><img src="tbl_spacer.png" alt="." style="background-color: inherit" class="hierarchy"/><img src="tbl_vjoin.png" alt="." style="background-color: inherit" class="hierarchy"/><img src="icon_datatype.gif" alt="." style="background-color: #F7F7F7; background-color: inherit" title="Data Type" class="hierarchy"/> <a href="StructureDefinition-be-model-medication-dispense-definitions.html#BeModelMedicationDispense.identifier" title="The business identifier(s) for the medication dispense session, also known as Session GUID (SGUID).">identifier</a><a name="BeModelMedicationDispense.identifier"> </a></td><td style="vertical-align: top; text-align : left; background-color: #F7F7F7; border: 0px #F0F0F0 solid; padding:0px 4px 0px 4px" class="hierarchy"/><td style="vertical-align: top; text-align : left; background-color: #F7F7F7; border: 0px #F0F0F0 solid; padding:0px 4px 0px 4px" class="hierarchy">0..1</td><td style="vertical-align: top; text-align : left; background-color: #F7F7F7; border: 0px #F0F0F0 solid; padding:0px 4px 0px 4px" class="hierarchy"><a href="http://hl7.org/fhir/R4/datatypes.html#Identifier">Identifier</a></td><td style="vertical-align: top; text-align : left; background-color: #F7F7F7; border: 0px #F0F0F0 solid; padding:0px 4px 0px 4px" class="hierarchy">The business identifier(s) for the medication dispense session</td></tr>
<tr style="border: 0px #F0F0F0 solid; padding:0px; vertical-align: top; background-color: white"><td style="vertical-align: top; text-align : left; background-color: white; border: 0px #F0F0F0 solid; padding:0px 4px 0px 4px; white-space: nowrap; background-image: url(tbl_bck10.png)" class="hierarchy"><img src="tbl_spacer.png" alt="." style="background-color: inherit" class="hierarchy"/><img src="tbl_vjoin.png" alt="." style="background-color: inherit" class="hierarchy"/><img src="icon_reference.png" alt="." style="background-color: white; background-color: inherit" title="Reference to another Resource" class="hierarchy"/> <a href="StructureDefinition-be-model-medication-dispense-definitions.html#BeModelMedicationDispense.patient" title="The person for which the medication is dispensed.">patient</a><a name="BeModelMedicationDispense.patient"> </a></td><td style="vertical-align: top; text-align : left; background-color: white; border: 0px #F0F0F0 solid; padding:0px 4px 0px 4px" class="hierarchy"/><td style="vertical-align: top; text-align : left; background-color: white; border: 0px #F0F0F0 solid; padding:0px 4px 0px 4px" class="hierarchy">1..1</td><td style="vertical-align: top; text-align : left; background-color: white; border: 0px #F0F0F0 solid; padding:0px 4px 0px 4px" class="hierarchy"><a href="http://hl7.org/fhir/R4/references.html">Reference</a>(https://www.ehealth.fgov.be/standards/fhir/core/StructureDefinition/be-patient)</td><td style="vertical-align: top; text-align : left; background-color: white; border: 0px #F0F0F0 solid; padding:0px 4px 0px 4px" class="hierarchy">The person for which the medication is dispensed.</td></tr>
<tr style="border: 0px #F0F0F0 solid; padding:0px; vertical-align: top; background-color: #F7F7F7"><td style="vertical-align: top; text-align : left; background-color: #F7F7F7; border: 0px #F0F0F0 solid; padding:0px 4px 0px 4px; white-space: nowrap; background-image: url(tbl_bck11.png)" class="hierarchy"><img src="tbl_spacer.png" alt="." style="background-color: inherit" class="hierarchy"/><img src="tbl_vjoin.png" alt="." style="background-color: inherit" class="hierarchy"/><img src="icon_reference.png" alt="." style="background-color: #F7F7F7; background-color: inherit" title="Reference to another Resource" class="hierarchy"/> <a href="StructureDefinition-be-model-medication-dispense-definitions.html#BeModelMedicationDispense.dispenser" title=".">dispenser</a><a name="BeModelMedicationDispense.dispenser"> </a></td><td style="vertical-align: top; text-align : left; background-color: #F7F7F7; border: 0px #F0F0F0 solid; padding:0px 4px 0px 4px" class="hierarchy"/><td style="vertical-align: top; text-align : left; background-color: #F7F7F7; border: 0px #F0F0F0 solid; padding:0px 4px 0px 4px" class="hierarchy">0..1</td><td style="vertical-align: top; text-align : left; background-color: #F7F7F7; border: 0px #F0F0F0 solid; padding:0px 4px 0px 4px" class="hierarchy"><a href="http://hl7.org/fhir/R4/references.html">Reference</a>()</td><td style="vertical-align: top; text-align : left; background-color: #F7F7F7; border: 0px #F0F0F0 solid; padding:0px 4px 0px 4px" class="hierarchy">The dispenser, if known and relevant</td></tr>
<tr style="border: 0px #F0F0F0 solid; padding:0px; vertical-align: top; background-color: white"><td style="vertical-align: top; text-align : left; background-color: white; border: 0px #F0F0F0 solid; padding:0px 4px 0px 4px; white-space: nowrap; background-image: url(tbl_bck110.png)" class="hierarchy"><img src="tbl_spacer.png" alt="." style="background-color: inherit" class="hierarchy"/><img src="tbl_vline.png" alt="." style="background-color: inherit" class="hierarchy"/><img src="tbl_vjoin.png" alt="." style="background-color: inherit" class="hierarchy"/><img src="icon_reference.png" alt="." style="background-color: white; background-color: inherit" title="Reference to another Resource" class="hierarchy"/> <a href="StructureDefinition-be-model-medication-dispense-definitions.html#BeModelMedicationDispense.dispenser.dispenser" title="Who was responsible for asserting the observed value as &quot;true&quot;. (Reference)">dispenser</a><a name="BeModelMedicationDispense.dispenser.dispenser"> </a></td><td style="vertical-align: top; text-align : left; background-color: white; border: 0px #F0F0F0 solid; padding:0px 4px 0px 4px" class="hierarchy"/><td style="vertical-align: top; text-align : left; background-color: white; border: 0px #F0F0F0 solid; padding:0px 4px 0px 4px" class="hierarchy">1..1</td><td style="vertical-align: top; text-align : left; background-color: white; border: 0px #F0F0F0 solid; padding:0px 4px 0px 4px" class="hierarchy"><a href="http://hl7.org/fhir/R4/references.html">Reference</a>(https://www.ehealth.fgov.be/standards/fhir/core/StructureDefinition/be-practitioner)</td><td style="vertical-align: top; text-align : left; background-color: white; border: 0px #F0F0F0 solid; padding:0px 4px 0px 4px" class="hierarchy">Reference to person that performed the recording or reporting</td></tr>
<tr style="border: 0px #F0F0F0 solid; padding:0px; vertical-align: top; background-color: #F7F7F7"><td style="vertical-align: top; text-align : left; background-color: #F7F7F7; border: 0px #F0F0F0 solid; padding:0px 4px 0px 4px; white-space: nowrap; background-image: url(tbl_bck100.png)" class="hierarchy"><img src="tbl_spacer.png" alt="." style="background-color: inherit" class="hierarchy"/><img src="tbl_vline.png" alt="." style="background-color: inherit" class="hierarchy"/><img src="tbl_vjoin_end.png" alt="." style="background-color: inherit" class="hierarchy"/><img src="icon_reference.png" alt="." style="background-color: #F7F7F7; background-color: inherit" title="Reference to another Resource" class="hierarchy"/> <a href="StructureDefinition-be-model-medication-dispense-definitions.html#BeModelMedicationDispense.dispenser.organization" title="Who was responsible for asserting the observed value as &quot;true&quot;. (Reference)">organization</a><a name="BeModelMedicationDispense.dispenser.organization"> </a></td><td style="vertical-align: top; text-align : left; background-color: #F7F7F7; border: 0px #F0F0F0 solid; padding:0px 4px 0px 4px" class="hierarchy"/><td style="vertical-align: top; text-align : left; background-color: #F7F7F7; border: 0px #F0F0F0 solid; padding:0px 4px 0px 4px" class="hierarchy">1..1</td><td style="vertical-align: top; text-align : left; background-color: #F7F7F7; border: 0px #F0F0F0 solid; padding:0px 4px 0px 4px" class="hierarchy"><a href="http://hl7.org/fhir/R4/references.html">Reference</a>(https://www.ehealth.fgov.be/standards/fhir/core/StructureDefinition/be-organization)</td><td style="vertical-align: top; text-align : left; background-color: #F7F7F7; border: 0px #F0F0F0 solid; padding:0px 4px 0px 4px" class="hierarchy">Reference to person that performed the recording or reporting</td></tr>
<tr style="border: 0px #F0F0F0 solid; padding:0px; vertical-align: top; background-color: white"><td style="vertical-align: top; text-align : left; background-color: white; border: 0px #F0F0F0 solid; padding:0px 4px 0px 4px; white-space: nowrap; background-image: url(tbl_bck10.png)" class="hierarchy"><img src="tbl_spacer.png" alt="." style="background-color: inherit" class="hierarchy"/><img src="tbl_vjoin.png" alt="." style="background-color: inherit" class="hierarchy"/><img src="icon_primitive.png" alt="." style="background-color: white; background-color: inherit" title="Primitive Data Type" class="hierarchy"/> <a href="StructureDefinition-be-model-medication-dispense-definitions.html#BeModelMedicationDispense.dispenseDate" title="The date (or date-time) when the dispense ocurred">dispenseDate</a><a name="BeModelMedicationDispense.dispenseDate"> </a></td><td style="vertical-align: top; text-align : left; background-color: white; border: 0px #F0F0F0 solid; padding:0px 4px 0px 4px" class="hierarchy"/><td style="vertical-align: top; text-align : left; background-color: white; border: 0px #F0F0F0 solid; padding:0px 4px 0px 4px" class="hierarchy">1..1</td><td style="vertical-align: top; text-align : left; background-color: white; border: 0px #F0F0F0 solid; padding:0px 4px 0px 4px" class="hierarchy"><a href="http://hl7.org/fhir/R4/datatypes.html#dateTime" title="dateTime">dateTime</a></td><td style="vertical-align: top; text-align : left; background-color: white; border: 0px #F0F0F0 solid; padding:0px 4px 0px 4px" class="hierarchy">The date when the dispense ocurred</td></tr>
<tr style="border: 0px #F0F0F0 solid; padding:0px; vertical-align: top; background-color: #F7F7F7"><td style="vertical-align: top; text-align : left; background-color: #F7F7F7; border: 0px #F0F0F0 solid; padding:0px 4px 0px 4px; white-space: nowrap; background-image: url(tbl_bck11.png)" class="hierarchy"><img src="tbl_spacer.png" alt="." style="background-color: inherit" class="hierarchy"/><img src="tbl_vjoin.png" alt="." style="background-color: inherit" class="hierarchy"/><img src="icon_datatype.gif" alt="." style="background-color: #F7F7F7; background-color: inherit" title="Data Type" class="hierarchy"/> <a href="StructureDefinition-be-model-medication-dispense-definitions.html#BeModelMedicationDispense.prescription" title=".">prescription</a><a name="BeModelMedicationDispense.prescription"> </a></td><td style="vertical-align: top; text-align : left; background-color: #F7F7F7; border: 0px #F0F0F0 solid; padding:0px 4px 0px 4px" class="hierarchy"/><td style="vertical-align: top; text-align : left; background-color: #F7F7F7; border: 0px #F0F0F0 solid; padding:0px 4px 0px 4px" class="hierarchy">0..1</td><td style="vertical-align: top; text-align : left; background-color: #F7F7F7; border: 0px #F0F0F0 solid; padding:0px 4px 0px 4px" class="hierarchy"><a href="http://hl7.org/fhir/R4/datatypes.html#BackboneElement">BackboneElement</a></td><td style="vertical-align: top; text-align : left; background-color: #F7F7F7; border: 0px #F0F0F0 solid; padding:0px 4px 0px 4px" class="hierarchy">The information about a prescription related to the dispense</td></tr>
<tr style="border: 0px #F0F0F0 solid; padding:0px; vertical-align: top; background-color: white"><td style="vertical-align: top; text-align : left; background-color: white; border: 0px #F0F0F0 solid; padding:0px 4px 0px 4px; white-space: nowrap; background-image: url(tbl_bck110.png)" class="hierarchy"><img src="tbl_spacer.png" alt="." style="background-color: inherit" class="hierarchy"/><img src="tbl_vline.png" alt="." style="background-color: inherit" class="hierarchy"/><img src="tbl_vjoin.png" alt="." style="background-color: inherit" class="hierarchy"/><img src="icon_primitive.png" alt="." style="background-color: white; background-color: inherit" title="Primitive Data Type" class="hierarchy"/> <a href="StructureDefinition-be-model-medication-dispense-definitions.html#BeModelMedicationDispense.prescription.isPrescribed" title=".">isPrescribed</a><a name="BeModelMedicationDispense.prescription.isPrescribed"> </a></td><td style="vertical-align: top; text-align : left; background-color: white; border: 0px #F0F0F0 solid; padding:0px 4px 0px 4px" class="hierarchy"/><td style="vertical-align: top; text-align : left; background-color: white; border: 0px #F0F0F0 solid; padding:0px 4px 0px 4px" class="hierarchy">0..1</td><td style="vertical-align: top; text-align : left; background-color: white; border: 0px #F0F0F0 solid; padding:0px 4px 0px 4px" class="hierarchy"><a href="http://hl7.org/fhir/R4/datatypes.html#boolean">boolean</a></td><td style="vertical-align: top; text-align : left; background-color: white; border: 0px #F0F0F0 solid; padding:0px 4px 0px 4px" class="hierarchy">Whether this dispense was performed against a prescription</td></tr>
<tr style="border: 0px #F0F0F0 solid; padding:0px; vertical-align: top; background-color: #F7F7F7"><td style="vertical-align: top; text-align : left; background-color: #F7F7F7; border: 0px #F0F0F0 solid; padding:0px 4px 0px 4px; white-space: nowrap; background-image: url(tbl_bck100.png)" class="hierarchy"><img src="tbl_spacer.png" alt="." style="background-color: inherit" class="hierarchy"/><img src="tbl_vline.png" alt="." style="background-color: inherit" class="hierarchy"/><img src="tbl_vjoin_end.png" alt="." style="background-color: inherit" class="hierarchy"/><img src="icon_reference.png" alt="." style="background-color: #F7F7F7; background-color: inherit" title="Reference to another Resource" class="hierarchy"/> <a href="StructureDefinition-be-model-medication-dispense-definitions.html#BeModelMedicationDispense.prescription.prescription" title=".">prescription</a><a name="BeModelMedicationDispense.prescription.prescription"> </a></td><td style="vertical-align: top; text-align : left; background-color: #F7F7F7; border: 0px #F0F0F0 solid; padding:0px 4px 0px 4px" class="hierarchy"/><td style="vertical-align: top; text-align : left; background-color: #F7F7F7; border: 0px #F0F0F0 solid; padding:0px 4px 0px 4px" class="hierarchy">0..1</td><td style="vertical-align: top; text-align : left; background-color: #F7F7F7; border: 0px #F0F0F0 solid; padding:0px 4px 0px 4px" class="hierarchy"><a href="http://hl7.org/fhir/R4/references.html">Reference</a>()</td><td style="vertical-align: top; text-align : left; background-color: #F7F7F7; border: 0px #F0F0F0 solid; padding:0px 4px 0px 4px" class="hierarchy">The prescription identification</td></tr>
<tr style="border: 0px #F0F0F0 solid; padding:0px; vertical-align: top; background-color: white"><td style="vertical-align: top; text-align : left; background-color: white; border: 0px #F0F0F0 solid; padding:0px 4px 0px 4px; white-space: nowrap; background-image: url(tbl_bck11.png)" class="hierarchy"><img src="tbl_spacer.png" alt="." style="background-color: inherit" class="hierarchy"/><img src="tbl_vjoin.png" alt="." style="background-color: inherit" class="hierarchy"/><img src="icon_datatype.gif" alt="." style="background-color: white; background-color: inherit" title="Data Type" class="hierarchy"/> <a href="StructureDefinition-be-model-medication-dispense-definitions.html#BeModelMedicationDispense.dispensedItem" title=".">dispensedItem</a><a name="BeModelMedicationDispense.dispensedItem"> </a></td><td style="vertical-align: top; text-align : left; background-color: white; border: 0px #F0F0F0 solid; padding:0px 4px 0px 4px" class="hierarchy"/><td style="vertical-align: top; text-align : left; background-color: white; border: 0px #F0F0F0 solid; padding:0px 4px 0px 4px" class="hierarchy">0..*</td><td style="vertical-align: top; text-align : left; background-color: white; border: 0px #F0F0F0 solid; padding:0px 4px 0px 4px" class="hierarchy"><a href="http://hl7.org/fhir/R4/datatypes.html#BackboneElement">BackboneElement</a></td><td style="vertical-align: top; text-align : left; background-color: white; border: 0px #F0F0F0 solid; padding:0px 4px 0px 4px" class="hierarchy">Each product that was dispensed<br/></td></tr>
<tr style="border: 0px #F0F0F0 solid; padding:0px; vertical-align: top; background-color: #F7F7F7"><td style="vertical-align: top; text-align : left; background-color: #F7F7F7; border: 0px #F0F0F0 solid; padding:0px 4px 0px 4px; white-space: nowrap; background-image: url(tbl_bck110.png)" class="hierarchy"><img src="tbl_spacer.png" alt="." style="background-color: inherit" class="hierarchy"/><img src="tbl_vline.png" alt="." style="background-color: inherit" class="hierarchy"/><img src="tbl_vjoin.png" alt="." style="background-color: inherit" class="hierarchy"/><img src="icon_reference.png" alt="." style="background-color: #F7F7F7; background-color: inherit" title="Reference to another Resource" class="hierarchy"/> <a href="StructureDefinition-be-model-medication-dispense-definitions.html#BeModelMedicationDispense.dispensedItem.product" title=".">product</a><a name="BeModelMedicationDispense.dispensedItem.product"> </a></td><td style="vertical-align: top; text-align : left; background-color: #F7F7F7; border: 0px #F0F0F0 solid; padding:0px 4px 0px 4px" class="hierarchy"/><td style="vertical-align: top; text-align : left; background-color: #F7F7F7; border: 0px #F0F0F0 solid; padding:0px 4px 0px 4px" class="hierarchy">0..1</td><td style="vertical-align: top; text-align : left; background-color: #F7F7F7; border: 0px #F0F0F0 solid; padding:0px 4px 0px 4px" class="hierarchy"><a href="http://hl7.org/fhir/R4/references.html">Reference</a>()</td><td style="vertical-align: top; text-align : left; background-color: #F7F7F7; border: 0px #F0F0F0 solid; padding:0px 4px 0px 4px" class="hierarchy">The product that was dispensed - coded or not (e.g. for magistral preparations)</td></tr>
<tr style="border: 0px #F0F0F0 solid; padding:0px; vertical-align: top; background-color: white"><td style="vertical-align: top; text-align : left; background-color: white; border: 0px #F0F0F0 solid; padding:0px 4px 0px 4px; white-space: nowrap; background-image: url(tbl_bck110.png)" class="hierarchy"><img src="tbl_spacer.png" alt="." style="background-color: inherit" class="hierarchy"/><img src="tbl_vline.png" alt="." style="background-color: inherit" class="hierarchy"/><img src="tbl_vjoin.png" alt="." style="background-color: inherit" class="hierarchy"/><img src="icon_datatype.gif" alt="." style="background-color: white; background-color: inherit" title="Data Type" class="hierarchy"/> <a href="StructureDefinition-be-model-medication-dispense-definitions.html#BeModelMedicationDispense.dispensedItem.quantityDispensed" title=".">quantityDispensed</a><a name="BeModelMedicationDispense.dispensedItem.quantityDispensed"> </a></td><td style="vertical-align: top; text-align : left; background-color: white; border: 0px #F0F0F0 solid; padding:0px 4px 0px 4px" class="hierarchy"/><td style="vertical-align: top; text-align : left; background-color: white; border: 0px #F0F0F0 solid; padding:0px 4px 0px 4px" class="hierarchy">0..1</td><td style="vertical-align: top; text-align : left; background-color: white; border: 0px #F0F0F0 solid; padding:0px 4px 0px 4px" class="hierarchy"><a href="http://hl7.org/fhir/R4/datatypes.html#Quantity">Quantity</a></td><td style="vertical-align: top; text-align : left; background-color: white; border: 0px #F0F0F0 solid; padding:0px 4px 0px 4px" class="hierarchy">The amound of product that was dispensed</td></tr>
<tr style="border: 0px #F0F0F0 solid; padding:0px; vertical-align: top; background-color: #F7F7F7"><td style="vertical-align: top; text-align : left; background-color: #F7F7F7; border: 0px #F0F0F0 solid; padding:0px 4px 0px 4px; white-space: nowrap; background-image: url(tbl_bck110.png)" class="hierarchy"><img src="tbl_spacer.png" alt="." style="background-color: inherit" class="hierarchy"/><img src="tbl_vline.png" alt="." style="background-color: inherit" class="hierarchy"/><img src="tbl_vjoin.png" alt="." style="background-color: inherit" class="hierarchy"/><img src="icon_datatype.gif" alt="." style="background-color: #F7F7F7; background-color: inherit" title="Data Type" class="hierarchy"/> <a href="StructureDefinition-be-model-medication-dispense-definitions.html#BeModelMedicationDispense.dispensedItem.dosageInstructions" title=".">dosageInstructions</a><a name="BeModelMedicationDispense.dispensedItem.dosageInstructions"> </a></td><td style="vertical-align: top; text-align : left; background-color: #F7F7F7; border: 0px #F0F0F0 solid; padding:0px 4px 0px 4px" class="hierarchy"/><td style="vertical-align: top; text-align : left; background-color: #F7F7F7; border: 0px #F0F0F0 solid; padding:0px 4px 0px 4px" class="hierarchy">0..1</td><td style="vertical-align: top; text-align : left; background-color: #F7F7F7; border: 0px #F0F0F0 solid; padding:0px 4px 0px 4px" class="hierarchy"><a href="http://hl7.org/fhir/R4/datatypes.html#Dosage">Dosage</a></td><td style="vertical-align: top; text-align : left; background-color: #F7F7F7; border: 0px #F0F0F0 solid; padding:0px 4px 0px 4px" class="hierarchy">The instructions for use</td></tr>
<tr style="border: 0px #F0F0F0 solid; padding:0px; vertical-align: top; background-color: white"><td style="vertical-align: top; text-align : left; background-color: white; border: 0px #F0F0F0 solid; padding:0px 4px 0px 4px; white-space: nowrap; background-image: url(tbl_bck100.png)" class="hierarchy"><img src="tbl_spacer.png" alt="." style="background-color: inherit" class="hierarchy"/><img src="tbl_vline.png" alt="." style="background-color: inherit" class="hierarchy"/><img src="tbl_vjoin_end.png" alt="." style="background-color: inherit" class="hierarchy"/><img src="icon_datatype.gif" alt="." style="background-color: white; background-color: inherit" title="Data Type" class="hierarchy"/> <a href="StructureDefinition-be-model-medication-dispense-definitions.html#BeModelMedicationDispense.dispensedItem.note" title="Additional information about the dispense - this can be relevant history, any remarks by the patient or professional, etc.">note</a><a name="BeModelMedicationDispense.dispensedItem.note"> </a></td><td style="vertical-align: top; text-align : left; background-color: white; border: 0px #F0F0F0 solid; padding:0px 4px 0px 4px" class="hierarchy"/><td style="vertical-align: top; text-align : left; background-color: white; border: 0px #F0F0F0 solid; padding:0px 4px 0px 4px" class="hierarchy">0..*</td><td style="vertical-align: top; text-align : left; background-color: white; border: 0px #F0F0F0 solid; padding:0px 4px 0px 4px" class="hierarchy"><a href="http://hl7.org/fhir/R4/datatypes.html#Annotation" title="Annotation">Annotation</a></td><td style="vertical-align: top; text-align : left; background-color: white; border: 0px #F0F0F0 solid; padding:0px 4px 0px 4px" class="hierarchy">Additional information about the dispensed item<br/></td></tr>
<tr style="border: 0px #F0F0F0 solid; padding:0px; vertical-align: top; background-color: #F7F7F7"><td style="vertical-align: top; text-align : left; background-color: #F7F7F7; border: 0px #F0F0F0 solid; padding:0px 4px 0px 4px; white-space: nowrap; background-image: url(tbl_bck00.png)" class="hierarchy"><img src="tbl_spacer.png" alt="." style="background-color: inherit" class="hierarchy"/><img src="tbl_vjoin_end.png" alt="." style="background-color: inherit" class="hierarchy"/><img src="icon_datatype.gif" alt="." style="background-color: #F7F7F7; background-color: inherit" title="Data Type" class="hierarchy"/> <a href="StructureDefinition-be-model-medication-dispense-definitions.html#BeModelMedicationDispense.note" title="Additional information about the dispense - this can be relevant history, any remarks by the patient or professional, etc.">note</a><a name="BeModelMedicationDispense.note"> </a></td><td style="vertical-align: top; text-align : left; background-color: #F7F7F7; border: 0px #F0F0F0 solid; padding:0px 4px 0px 4px" class="hierarchy"/><td style="vertical-align: top; text-align : left; background-color: #F7F7F7; border: 0px #F0F0F0 solid; padding:0px 4px 0px 4px" class="hierarchy">0..*</td><td style="vertical-align: top; text-align : left; background-color: #F7F7F7; border: 0px #F0F0F0 solid; padding:0px 4px 0px 4px" class="hierarchy"><a href="http://hl7.org/fhir/R4/datatypes.html#Annotation" title="Annotation">Annotation</a></td><td style="vertical-align: top; text-align : left; background-color: #F7F7F7; border: 0px #F0F0F0 solid; padding:0px 4px 0px 4px" class="hierarchy">Additional information about the dispense<br/></td></tr>
<tr><td colspan="5" class="hierarchy"><br/><a href="http://hl7.org/fhir/R4/formats.html#table" title="Legend for this format"><img src="http://hl7.org/fhir/R4/help16.png" alt="doco" style="background-color: inherit"/> Documentation for this format</a></td></tr></table></div></text><url value="https://www.ehealth.fgov.be/standards/fhir/medication/StructureDefinition/be-model-medication-dispense"/><version value="0.2.0"/><name value="BeModelMedicationDispense"/><status value="draft"/><date value="2021-06-28T13:54:34+02:00"/><publisher value="HL7 Belgium/eHealth Platform"/><contact><telecom><system value="url"/><value value="http://hl7belgium.org"/></telecom></contact><description value="This is the logical model for the Dispense Record entry - the information that can be captured upon the act of dispensing - in a hospital pharmacy, or a community pharmacy. This is not for a future dispense, rather a record of an actual dispense."/><jurisdiction><coding><system value="urn:iso:std:iso:3166"/><code value="BE"/></coding><text value="Belgium"/></jurisdiction><fhirVersion value="4.0.1"/><mapping><identity value="rim"/><uri value="http://hl7.org/v3"/><name value="RIM Mapping"/></mapping><kind value="logical"/><abstract value="false"/><type value="BeModelMedicationDispense"/><baseDefinition value="http://hl7.org/fhir/StructureDefinition/Element"/><derivation value="specialization"/><snapshot><element id="BeModelMedicationDispense"><path value="BeModelMedicationDispense"/><short value="An individual record of a medication dispense"/><definition value="Base definition for all elements in a resource."/><min value="0"/><max value="*"/><base><path value="Element"/><min value="0"/><max value="*"/></base><condition value="ele-1"/><constraint><key value="ele-1"/><severity value="error"/><human value="All FHIR elements must have a @value or children"/><expression value="hasValue() or (children().count() &gt; id.count())"/><xpath value="@value|f:*|h:div"/><source value="http://hl7.org/fhir/StructureDefinition/Element"/></constraint><isModifier value="false"/><mapping><identity value="rim"/><map value="n/a"/></mapping></element><element id="BeModelMedicationDispense.id"><path value="BeModelMedicationDispense.id"/><representation value="xmlAttr"/><short value="Unique id for inter-element referencing"/><definition value="Unique id for the element within a resource (for internal references). This may be any string value that does not contain spaces."/><min value="0"/><max value="1"/><base><path value="Element.id"/><min value="0"/><max value="1"/></base><type><extension url="http://hl7.org/fhir/StructureDefinition/structuredefinition-fhir-type"><valueUrl value="string"/></extension><code value="http://hl7.org/fhirpath/System.String"/></type><isModifier value="false"/><isSummary value="false"/><mapping><identity value="rim"/><map value="n/a"/></mapping></element><element id="BeModelMedicationDispense.extension"><path value="BeModelMedicationDispense.extension"/><slicing><discriminator><type value="value"/><path value="url"/></discriminator><description value="Extensions are always sliced by (at least) url"/><rules value="open"/></slicing><short value="Additional content defined by implementations"/><definition value="May be used to represent additional information that is not part of the basic definition of the element. To make the use of extensions safe and manageable, there is a strict set of governance  applied to the definition and use of extensions. Though any implementer can define an extension, there is a set of requirements that SHALL be met as part of the definition of the extension."/><comment value="There can be no stigma associated with the use of extensions by any application, project, or standard - regardless of the institution or jurisdiction that uses or defines the extensions.  The use of extensions is what allows the FHIR specification to retain a core level of simplicity for everyone."/><alias value="extensions"/><alias value="user content"/><min value="0"/><max value="*"/><base><path value="Element.extension"/><min value="0"/><max value="*"/></base><type><code value="Extension"/></type><constraint><key value="ele-1"/><severity value="error"/><human value="All FHIR elements must have a @value or children"/><expression value="hasValue() or (children().count() &gt; id.count())"/><xpath value="@value|f:*|h:div"/><source value="http://hl7.org/fhir/StructureDefinition/Element"/></constraint><constraint><key value="ext-1"/><severity value="error"/><human value="Must have either extensions or value[x], not both"/><expression value="extension.exists() != value.exists()"/><xpath value="exists(f:extension)!=exists(f:*[starts-with(local-name(.), &quot;value&quot;)])"/><source value="http://hl7.org/fhir/StructureDefinition/Extension"/></constraint><isModifier value="false"/><isSummary value="false"/><mapping><identity value="rim"/><map value="n/a"/></mapping></element><element id="BeModelMedicationDispense.identifier"><path value="BeModelMedicationDispense.identifier"/><short value="The business identifier(s) for the medication dispense session"/><definition value="The business identifier(s) for the medication dispense session, also known as Session GUID (SGUID)."/><min value="0"/><max value="1"/><base><path value="BeModelMedicationDispense.identifier"/><min value="0"/><max value="1"/></base><type><code value="Identifier"/></type></element><element id="BeModelMedicationDispense.patient"><path value="BeModelMedicationDispense.patient"/><short value="The person for which the medication is dispensed."/><definition value="The person for which the medication is dispensed."/><min value="1"/><max value="1"/><base><path value="BeModelMedicationDispense.patient"/><min value="1"/><max value="1"/></base><type><code value="Reference"/><targetProfile value="https://www.ehealth.fgov.be/standards/fhir/core/StructureDefinition/be-patient"/></type></element><element id="BeModelMedicationDispense.dispenser"><path value="BeModelMedicationDispense.dispenser"/><short value="The dispenser, if known and relevant"/><definition value="."/><min value="0"/><max value="1"/><base><path value="BeModelMedicationDispense.dispenser"/><min value="0"/><max value="1"/></base><type><code value="Reference"/></type></element><element id="BeModelMedicationDispense.dispenser.dispenser"><path value="BeModelMedicationDispense.dispenser.dispenser"/><short value="Reference to person that performed the recording or reporting"/><definition value="Who was responsible for asserting the observed value as &quot;true&quot;. (Reference)"/><min value="1"/><max value="1"/><base><path value="BeModelMedicationDispense.dispenser.dispenser"/><min value="1"/><max value="1"/></base><type><code value="Reference"/><targetProfile value="https://www.ehealth.fgov.be/standards/fhir/core/StructureDefinition/be-practitioner"/></type></element><element id="BeModelMedicationDispense.dispenser.organization"><path value="BeModelMedicationDispense.dispenser.organization"/><short value="Reference to person that performed the recording or reporting"/><definition value="Who was responsible for asserting the observed value as &quot;true&quot;. (Reference)"/><min value="1"/><max value="1"/><base><path value="BeModelMedicationDispense.dispenser.organization"/><min value="1"/><max value="1"/></base><type><code value="Reference"/><targetProfile value="https://www.ehealth.fgov.be/standards/fhir/core/StructureDefinition/be-organization"/></type></element><element id="BeModelMedicationDispense.dispenseDate"><path value="BeModelMedicationDispense.dispenseDate"/><short value="The date when the dispense ocurred"/><definition value="The date (or date-time) when the dispense ocurred"/><min value="1"/><max value="1"/><base><path value="BeModelMedicationDispense.dispenseDate"/><min value="1"/><max value="1"/></base><type><code value="dateTime"/><profile value="http://hl7.org/fhir/StructureDefinition/dateTime"/></type></element><element id="BeModelMedicationDispense.prescription"><path value="BeModelMedicationDispense.prescription"/><short value="The information about a prescription related to the dispense"/><definition value="."/><min value="0"/><max value="1"/><base><path value="BeModelMedicationDispense.prescription"/><min value="0"/><max value="1"/></base><type><code value="BackboneElement"/></type></element><element id="BeModelMedicationDispense.prescription.isPrescribed"><path value="BeModelMedicationDispense.prescription.isPrescribed"/><short value="Whether this dispense was performed against a prescription"/><definition value="."/><min value="0"/><max value="1"/><base><path value="BeModelMedicationDispense.prescription.isPrescribed"/><min value="0"/><max value="1"/></base><type><code value="boolean"/></type></element><element id="BeModelMedicationDispense.prescription.prescription"><path value="BeModelMedicationDispense.prescription.prescription"/><short value="The prescription identification"/><definition value="."/><min value="0"/><max value="1"/><base><path value="BeModelMedicationDispense.prescription.prescription"/><min value="0"/><max value="1"/></base><type><code value="Reference"/></type></element><element id="BeModelMedicationDispense.dispensedItem"><path value="BeModelMedicationDispense.dispensedItem"/><short value="Each product that was dispensed"/><definition value="."/><min value="0"/><max value="*"/><base><path value="BeModelMedicationDispense.dispensedItem"/><min value="0"/><max value="*"/></base><type><code value="BackboneElement"/></type></element><element id="BeModelMedicationDispense.dispensedItem.product"><path value="BeModelMedicationDispense.dispensedItem.product"/><short value="The product that was dispensed - coded or not (e.g. for magistral preparations)"/><definition value="."/><min value="0"/><max value="1"/><base><path value="BeModelMedicationDispense.dispensedItem.product"/><min value="0"/><max value="1"/></base><type><code value="Reference"/></type></element><element id="BeModelMedicationDispense.dispensedItem.quantityDispensed"><path value="BeModelMedicationDispense.dispensedItem.quantityDispensed"/><short value="The amound of product that was dispensed"/><definition value="."/><min value="0"/><max value="1"/><base><path value="BeModelMedicationDispense.dispensedItem.quantityDispensed"/><min value="0"/><max value="1"/></base><type><code value="Quantity"/></type></element><element id="BeModelMedicationDispense.dispensedItem.dosageInstructions"><path value="BeModelMedicationDispense.dispensedItem.dosageInstructions"/><short value="The instructions for use"/><definition value="."/><min value="0"/><max value="1"/><base><path value="BeModelMedicationDispense.dispensedItem.dosageInstructions"/><min value="0"/><max value="1"/></base><type><code value="Dosage"/></type></element><element id="BeModelMedicationDispense.dispensedItem.note"><path value="BeModelMedicationDispense.dispensedItem.note"/><short value="Additional information about the dispensed item"/><definition value="Additional information about the dispense - this can be relevant history, any remarks by the patient or professional, etc."/><min value="0"/><max value="*"/><base><path value="BeModelMedicationDispense.dispensedItem.note"/><min value="0"/><max value="*"/></base><type><code value="Annotation"/><profile value="http://hl7.org/fhir/StructureDefinition/Annotation"/></type></element><element id="BeModelMedicationDispense.note"><path value="BeModelMedicationDispense.note"/><short value="Additional information about the dispense"/><definition value="Additional information about the dispense - this can be relevant history, any remarks by the patient or professional, etc."/><min value="0"/><max value="*"/><base><path value="BeModelMedicationDispense.note"/><min value="0"/><max value="*"/></base><type><code value="Annotation"/><profile value="http://hl7.org/fhir/StructureDefinition/Annotation"/></type></element></snapshot><differential><element id="BeModelMedicationDispense"><path value="BeModelMedicationDispense"/><short value="An individual record of a medication dispense"/><min value="0"/><max value="*"/></element><element id="BeModelMedicationDispense.identifier"><path value="BeModelMedicationDispense.identifier"/><short value="The business identifier(s) for the medication dispense session"/><definition value="The business identifier(s) for the medication dispense session, also known as Session GUID (SGUID)."/><min value="0"/><max value="1"/><type><code value="Identifier"/></type></element><element id="BeModelMedicationDispense.patient"><path value="BeModelMedicationDispense.patient"/><short value="The person for which the medication is dispensed."/><definition value="The person for which the medication is dispensed."/><min value="1"/><max value="1"/><type><code value="Reference"/><targetProfile value="https://www.ehealth.fgov.be/standards/fhir/core/StructureDefinition/be-patient"/></type></element><element id="BeModelMedicationDispense.dispenser"><path value="BeModelMedicationDispense.dispenser"/><short value="The dispenser, if known and relevant"/><definition value="."/><min value="0"/><max value="1"/><type><code value="Reference"/></type></element><element id="BeModelMedicationDispense.dispenser.dispenser"><path value="BeModelMedicationDispense.dispenser.dispenser"/><short value="Reference to person that performed the recording or reporting"/><definition value="Who was responsible for asserting the observed value as &quot;true&quot;. (Reference)"/><min value="1"/><max value="1"/><type><code value="Reference"/><targetProfile value="https://www.ehealth.fgov.be/standards/fhir/core/StructureDefinition/be-practitioner"/></type></element><element id="BeModelMedicationDispense.dispenser.organization"><path value="BeModelMedicationDispense.dispenser.organization"/><short value="Reference to person that performed the recording or reporting"/><definition value="Who was responsible for asserting the observed value as &quot;true&quot;. (Reference)"/><min value="1"/><max value="1"/><type><code value="Reference"/><targetProfile value="https://www.ehealth.fgov.be/standards/fhir/core/StructureDefinition/be-organization"/></type></element><element id="BeModelMedicationDispense.dispenseDate"><path value="BeModelMedicationDispense.dispenseDate"/><short value="The date when the dispense ocurred"/><definition value="The date (or date-time) when the dispense ocurred"/><min value="1"/><max value="1"/><type><code value="dateTime"/><profile value="http://hl7.org/fhir/StructureDefinition/dateTime"/></type></element><element id="BeModelMedicationDispense.prescription"><path value="BeModelMedicationDispense.prescription"/><short value="The information about a prescription related to the dispense"/><definition value="."/><min value="0"/><max value="1"/><type><code value="BackboneElement"/></type></element><element id="BeModelMedicationDispense.prescription.isPrescribed"><path value="BeModelMedicationDispense.prescription.isPrescribed"/><short value="Whether this dispense was performed against a prescription"/><definition value="."/><min value="0"/><max value="1"/><type><code value="boolean"/></type></element><element id="BeModelMedicationDispense.prescription.prescription"><path value="BeModelMedicationDispense.prescription.prescription"/><short value="The prescription identification"/><definition value="."/><min value="0"/><max value="1"/><type><code value="Reference"/></type></element><element id="BeModelMedicationDispense.dispensedItem"><path value="BeModelMedicationDispense.dispensedItem"/><short value="Each product that was dispensed"/><definition value="."/><min value="0"/><max value="*"/><type><code value="BackboneElement"/></type></element><element id="BeModelMedicationDispense.dispensedItem.product"><path value="BeModelMedicationDispense.dispensedItem.product"/><short value="The product that was dispensed - coded or not (e.g. for magistral preparations)"/><definition value="."/><min value="0"/><max value="1"/><type><code value="Reference"/></type></element><element id="BeModelMedicationDispense.dispensedItem.quantityDispensed"><path value="BeModelMedicationDispense.dispensedItem.quantityDispensed"/><short value="The amound of product that was dispensed"/><definition value="."/><min value="0"/><max value="1"/><type><code value="Quantity"/></type></element><element id="BeModelMedicationDispense.dispensedItem.dosageInstructions"><path value="BeModelMedicationDispense.dispensedItem.dosageInstructions"/><short value="The instructions for use"/><definition value="."/><min value="0"/><max value="1"/><type><code value="Dosage"/></type></element><element id="BeModelMedicationDispense.dispensedItem.note"><path value="BeModelMedicationDispense.dispensedItem.note"/><short value="Additional information about the dispensed item"/><definition value="Additional information about the dispense - this can be relevant history, any remarks by the patient or professional, etc."/><min value="0"/><max value="*"/><type><code value="Annotation"/><profile value="http://hl7.org/fhir/StructureDefinition/Annotation"/></type></element><element id="BeModelMedicationDispense.note"><path value="BeModelMedicationDispense.note"/><short value="Additional information about the dispense"/><definition value="Additional information about the dispense - this can be relevant history, any remarks by the patient or professional, etc."/><min value="0"/><max value="*"/><type><code value="Annotation"/><profile value="http://hl7.org/fhir/StructureDefinition/Annotation"/></type></element></differential></StructureDefinition>