{
  "resourceType" : "MedicationDispense",
  "id" : "example-dispense-with-atc",
  "meta" : {
    "profile" : ["https://www.ehealth.fgov.be/standards/fhir/medication/StructureDefinition/be-medicationdispense"]
  },
  "text" : {
    "status" : "generated",
    "div" : "<div xmlns=\"http://www.w3.org/1999/xhtml\"><p><b>Generated Narrative: MedicationDispense</b><a name=\"example-dispense-with-atc\"> </a><a name=\"hcexample-dispense-with-atc\"> </a></p><div style=\"display: inline-block; background-color: #d9e0e7; padding: 6px; margin: 4px; border: 1px solid #8da1b4; border-radius: 5px; line-height: 60%\"><p style=\"margin-bottom: 0px\">Resource MedicationDispense &quot;example-dispense-with-atc&quot; </p><p style=\"margin-bottom: 0px\">Profile: <a href=\"StructureDefinition-be-medicationdispense.html\">BeMedicationDispense</a></p></div><p><b>status</b>: completed</p><p><b>medication</b>: Topazolam tab 50x 1,0mg <span style=\"background: LightGoldenRodYellow; margin: 4px; border: 1px solid khaki\"> (cnk-codes#1439562)</span></p><p><b>subject</b>: <span><code>https://www.ehealth.fgov.be/standards/fhir/NamingSystem/ssin</code>/64110219106</span></p><h3>Performers</h3><table class=\"grid\"><tr><td style=\"display: none\">-</td><td><b>Actor</b></td></tr><tr><td style=\"display: none\">*</td><td><span>: Jan Janssen</span></td></tr></table><p><b>whenHandedOver</b>: 2020-03-10</p></div>"
  },
  "status" : "completed",
  "medicationCodeableConcept" : {
    "coding" : [{
      "system" : "https://www.ehealth.fgov.be/standards/fhir/medication/NamingSystem/cnk-codes",
      "code" : "1439562",
      "display" : "Topazolam tab 50x 1,0mg"
    }]
  },
  "subject" : {
    "identifier" : {
      "system" : "https://www.ehealth.fgov.be/standards/fhir/NamingSystem/ssin",
      "value" : "64110219106"
    }
  },
  "performer" : [{
    "actor" : {
      "identifier" : {
        "system" : "https://www.ehealth.fgov.be/standards/fhir/NamingSystem/nihdi-practitioner",
        "value" : "6547432"
      },
      "display" : "Jan Janssen"
    }
  }],
  "whenHandedOver" : "2020-03-10"
}