{"resourceType":"ValueSet","id":"BeMedicationLineOriginTypeVS","text":{"status":"generated","div":"<div xmlns=\"http://www.w3.org/1999/xhtml\"><p class=\"res-header-id\"><b>Generated Narrative: ValueSet BeMedicationLineOriginTypeVS</b></p><a name=\"BeMedicationLineOriginTypeVS\"> </a><a name=\"hcBeMedicationLineOriginTypeVS\"> </a><ul><li>Include all codes defined in <a href=\"CodeSystem-BeMedicationLineOriginType.html\"><code>https://www.ehealth.fgov.be/standards/fhir/terminology/CodeSystem/BeMedicationLineOriginType</code></a> version <span title=\"Version is not explicitly stated, which means it is fixed to the version provided in this specification\">&#x1F4E6;1.1.0</span></li></ul></div>"},"url":"https://www.ehealth.fgov.be/standards/fhir/terminology/ValueSet/BeMedicationLineOriginTypeVS","version":"1.1.0","name":"BeMedicationLineOriginTypeVS","title":"Medication origin type value set","status":"active","experimental":false,"date":"2025-10-10T10:05:23+00:00","publisher":"eHealth Platform","contact":[{"name":"eHealth Platform","telecom":[{"system":"url","value":"https://www.ehealth.fgov.be/standards/fhir"},{"system":"email","value":"support@be-ehealth-standards.atlassian.net"}]},{"name":"Message Structure eHealth","telecom":[{"system":"email","value":"support@be-ehealth-standards.atlassian.net","use":"work"}]}],"description":"Medication origin type value set","jurisdiction":[{"coding":[{"system":"urn:iso:std:iso:3166","code":"BE","display":"Belgium"}]}],"compose":{"include":[{"system":"https://www.ehealth.fgov.be/standards/fhir/terminology/CodeSystem/BeMedicationLineOriginType"}]}}