<?xml version="1.0" encoding="UTF-8"?><ValueSet xmlns="http://hl7.org/fhir"><id value="BeRouteOfAdministrationVS"/><text><status value="generated"/><div xmlns="http://www.w3.org/1999/xhtml"><p class="res-header-id"><b>Generated Narrative: ValueSet BeRouteOfAdministrationVS</b></p><a name="BeRouteOfAdministrationVS"> </a><a name="hcBeRouteOfAdministrationVS"> </a><ul><li>Include these codes as defined in <a href="http://www.snomed.org/"><code>http://snomed.info/sct</code></a> version <span title="Version is not explicity stated. No matching Code System found">Not Stated (use latest from terminology server)</span><table class="none"><tr><td style="white-space:nowrap"><b>Code</b></td><td><b>Display</b></td></tr><tr><td><a href="http://snomed.info/id/738982001">738982001</a></td><td>Oromucosal use</td></tr><tr><td><a href="http://snomed.info/id/54471007">54471007</a></td><td>Buccal use</td></tr><tr><td><a href="http://snomed.info/id/448598008">448598008</a></td><td>Cutaneous use</td></tr><tr><td><a href="http://snomed.info/id/372449004">372449004</a></td><td>Dental use</td></tr><tr><td><a href="http://snomed.info/id/372450004">372450004</a></td><td>Endocervical use</td></tr><tr><td><a href="http://snomed.info/id/372451000">372451000</a></td><td>Endosinusial use</td></tr><tr><td><a href="http://snomed.info/id/372452007">372452007</a></td><td>Endotracheopulmonary use</td></tr><tr><td><a href="http://snomed.info/id/417985001">417985001</a></td><td>Intestinal use</td></tr><tr><td><a href="http://snomed.info/id/764723001">764723001</a></td><td>Epilesional use</td></tr><tr><td><a href="http://snomed.info/id/372453002">372453002</a></td><td>Extraamniotic use</td></tr><tr><td><a href="http://snomed.info/id/766790006">766790006</a></td><td>Haemodialysis</td></tr><tr><td><a href="http://snomed.info/id/714743009">714743009</a></td><td>Extracorporeal use</td></tr><tr><td><a href="http://snomed.info/id/372454008">372454008</a></td><td>Gastroenteral use</td></tr><tr><td><a href="http://snomed.info/id/372457001">372457001</a></td><td>Gingival use</td></tr><tr><td><a href="http://snomed.info/id/718329006">718329006</a></td><td>Infiltration</td></tr><tr><td><a href="http://snomed.info/id/372458006">372458006</a></td><td>Intraamniotic use</td></tr><tr><td><a href="http://snomed.info/id/58100008">58100008</a></td><td>Intraarterial use</td></tr><tr><td><a href="http://snomed.info/id/12130007">12130007</a></td><td>Intraarticular use</td></tr><tr><td><a href="http://snomed.info/id/372459003">372459003</a></td><td>Intrabursal use</td></tr><tr><td><a href="http://snomed.info/id/418821007">418821007</a></td><td>Intracameral use</td></tr><tr><td><a href="http://snomed.info/id/372460008">372460008</a></td><td>Intracardiac use</td></tr><tr><td><a href="http://snomed.info/id/418331006">418331006</a></td><td>Intracartilaginous use</td></tr><tr><td><a href="http://snomed.info/id/372461007">372461007</a></td><td>Intracavernous use</td></tr><tr><td><a href="http://snomed.info/id/446540005">446540005</a></td><td>Intracerebral use</td></tr><tr><td><a href="http://snomed.info/id/420719007">420719007</a></td><td>Intracerebroventricular use</td></tr><tr><td><a href="http://snomed.info/id/372462000">372462000</a></td><td>Intracervical use</td></tr><tr><td><a href="http://snomed.info/id/58761000052107">58761000052107</a></td><td>Intracholangiopancreatic use</td></tr><tr><td><a href="http://snomed.info/id/418892005">418892005</a></td><td>Intracisternal use</td></tr><tr><td><a href="http://snomed.info/id/418608002">418608002</a></td><td>Intracorneal use</td></tr><tr><td><a href="http://snomed.info/id/372463005">372463005</a></td><td>Intracoronary use</td></tr><tr><td><a href="http://snomed.info/id/372464004">372464004</a></td><td>Intradermal use</td></tr><tr><td><a href="http://snomed.info/id/372465003">372465003</a></td><td>Intradiscal use</td></tr><tr><td><a href="http://snomed.info/id/448077001">448077001</a></td><td>Intraepidermal use</td></tr><tr><td><a href="http://snomed.info/id/445768003">445768003</a></td><td>Gastric use</td></tr><tr><td><a href="http://snomed.info/id/58751000052109">58751000052109</a></td><td>Intraglandular use</td></tr><tr><td><a href="http://snomed.info/id/372466002">372466002</a></td><td>Intralesional use</td></tr><tr><td><a href="http://snomed.info/id/372467006">372467006</a></td><td>Intralymphatic use</td></tr><tr><td><a href="http://snomed.info/id/447121004">447121004</a></td><td>Intramammary use</td></tr><tr><td><a href="http://snomed.info/id/78421000">78421000</a></td><td>Intramuscular use</td></tr><tr><td><a href="http://snomed.info/id/372468001">372468001</a></td><td>Intraocular use</td></tr><tr><td><a href="http://snomed.info/id/417255000">417255000</a></td><td>Intraosseous use</td></tr><tr><td><a href="http://snomed.info/id/445771006">445771006</a></td><td>Intrapericardial use</td></tr><tr><td><a href="http://snomed.info/id/38239002">38239002</a></td><td>Intraperitoneal use</td></tr><tr><td><a href="http://snomed.info/id/372469009">372469009</a></td><td>Intrapleural use</td></tr><tr><td><a href="http://snomed.info/id/58771000052103">58771000052103</a></td><td>Intraportal use</td></tr><tr><td><a href="http://snomed.info/id/419810008">419810008</a></td><td>Intraprostatic use</td></tr><tr><td><a href="http://snomed.info/id/420201002">420201002</a></td><td>Intrapulmonary use</td></tr><tr><td><a href="http://snomed.info/id/372470005">372470005</a></td><td>Intrasternal use</td></tr><tr><td><a href="http://snomed.info/id/72607000">72607000</a></td><td>Intrathecal use</td></tr><tr><td><a href="http://snomed.info/id/447122006">447122006</a></td><td>Intratumoral use</td></tr><tr><td><a href="http://snomed.info/id/62226000">62226000</a></td><td>Intrauterine use</td></tr><tr><td><a href="http://snomed.info/id/47625008">47625008</a></td><td>Intravenous use</td></tr><tr><td><a href="http://snomed.info/id/420287000">420287000</a></td><td>Intraventricular use</td></tr><tr><td><a href="http://snomed.info/id/372471009">372471009</a></td><td>Intravesical use</td></tr><tr><td><a href="http://snomed.info/id/418401004">418401004</a></td><td>Intravitreal use</td></tr><tr><td><a href="http://snomed.info/id/420185003">420185003</a></td><td>Laryngopharyngeal use</td></tr><tr><td><a href="http://snomed.info/id/46713006">46713006</a></td><td>Nasal use</td></tr><tr><td><a href="http://snomed.info/id/385432009">385432009</a></td><td>Route of administration not applicable</td></tr><tr><td><a href="http://snomed.info/id/372472002">372472002</a></td><td>Oculonasal use</td></tr><tr><td><a href="http://snomed.info/id/54485002">54485002</a></td><td>Ocular use</td></tr><tr><td><a href="http://snomed.info/id/26643006">26643006</a></td><td>Oral use</td></tr><tr><td><a href="http://snomed.info/id/418664002">418664002</a></td><td>Oropharyngeal use</td></tr><tr><td><a href="http://snomed.info/id/10547007">10547007</a></td><td>Auricular use</td></tr><tr><td><a href="http://snomed.info/id/419165009">419165009</a></td><td>Paravertebral use</td></tr><tr><td><a href="http://snomed.info/id/372474001">372474001</a></td><td>Periarticular use</td></tr><tr><td><a href="http://snomed.info/id/447080003">447080003</a></td><td>Epidural use</td></tr><tr><td><a href="http://snomed.info/id/372475000">372475000</a></td><td>Perineural use</td></tr><tr><td><a href="http://snomed.info/id/447052000">447052000</a></td><td>Periodontal use</td></tr><tr><td><a href="http://snomed.info/id/420047004">420047004</a></td><td>Periosseous use</td></tr><tr><td><a href="http://snomed.info/id/58811000052103">58811000052103</a></td><td>Peritumoral use</td></tr><tr><td><a href="http://snomed.info/id/58821000052106">58821000052106</a></td><td>Posterior juxtascleral use</td></tr><tr><td><a href="http://snomed.info/id/37161004">37161004</a></td><td>Rectal use</td></tr><tr><td><a href="http://snomed.info/id/447694001">447694001</a></td><td>Inhalation use</td></tr><tr><td><a href="http://snomed.info/id/418321004">418321004</a></td><td>Retrobulbar use</td></tr><tr><td><a href="http://snomed.info/id/372476004">372476004</a></td><td>Subconjunctival use</td></tr><tr><td><a href="http://snomed.info/id/34206005">34206005</a></td><td>Subcutaneous use</td></tr><tr><td><a href="http://snomed.info/id/37839007">37839007</a></td><td>Sublingual use</td></tr><tr><td><a href="http://snomed.info/id/419874009">419874009</a></td><td>Submucosal use</td></tr><tr><td><a href="http://snomed.info/id/58831000052108">58831000052108</a></td><td>Subretinal use</td></tr><tr><td><a href="http://snomed.info/id/6064005">6064005</a></td><td>Local use</td></tr><tr><td><a href="http://snomed.info/id/45890007">45890007</a></td><td>Transdermal use</td></tr><tr><td><a href="http://snomed.info/id/90028008">90028008</a></td><td>Urethral use</td></tr><tr><td><a href="http://snomed.info/id/16857009">16857009</a></td><td>Vaginal use</td></tr></table></li></ul></div></text><url value="https://www.ehealth.fgov.be/standards/fhir/terminology/ValueSet/BeRouteOfAdministrationVS"/><version value="1.1.0"/><name value="BeRouteOfAdministrationVS"/><title value="Route of Administration ValueSet"/><status value="active"/><experimental value="false"/><date value="2025-10-10T10:05:23+00:00"/><publisher value="eHealth Platform"/><contact><name value="eHealth Platform"/><telecom><system value="url"/><value value="https://www.ehealth.fgov.be/standards/fhir"/></telecom><telecom><system value="email"/><value value="support@be-ehealth-standards.atlassian.net"/></telecom></contact><contact><name value="Message Structure eHealth"/><telecom><system value="email"/><value value="support@be-ehealth-standards.atlassian.net"/><use value="work"/></telecom></contact><description value="This ValueSet contains codes for the route of administration of medications. It is used to specify how a medication is administered to a patient, such as orally, intravenously, or topically."/><jurisdiction><coding><system value="urn:iso:std:iso:3166"/><code value="BE"/><display value="Belgium"/></coding></jurisdiction><copyright value="This value set includes content from SNOMED CT, which is copyright © 2002+ International Health Terminology Standards Development Organisation (IHTSDO); Belgium is a member of IHTSDO. Implementers of SNOMED CT should review usage terms or directly contact SNOMED International: info@snomed.org"/><compose><include><system value="http://snomed.info/sct"/><concept><code value="738982001"/><display value="Oromucosal use"/></concept><concept><code value="54471007"/><display value="Buccal use"/></concept><concept><code value="448598008"/><display value="Cutaneous use"/></concept><concept><code value="372449004"/><display value="Dental use"/></concept><concept><code value="372450004"/><display value="Endocervical use"/></concept><concept><code value="372451000"/><display value="Endosinusial use"/></concept><concept><code value="372452007"/><display value="Endotracheopulmonary use"/></concept><concept><code value="417985001"/><display value="Intestinal use"/></concept><concept><code value="764723001"/><display value="Epilesional use"/></concept><concept><code value="372453002"/><display value="Extraamniotic use"/></concept><concept><code value="766790006"/><display value="Haemodialysis"/></concept><concept><code value="714743009"/><display value="Extracorporeal use"/></concept><concept><code value="372454008"/><display value="Gastroenteral use"/></concept><concept><code value="372457001"/><display value="Gingival use"/></concept><concept><code value="718329006"/><display value="Infiltration"/></concept><concept><code value="372458006"/><display value="Intraamniotic use"/></concept><concept><code value="58100008"/><display value="Intraarterial use"/></concept><concept><code value="12130007"/><display value="Intraarticular use"/></concept><concept><code value="372459003"/><display value="Intrabursal use"/></concept><concept><code value="418821007"/><display value="Intracameral use"/></concept><concept><code value="372460008"/><display value="Intracardiac use"/></concept><concept><code value="418331006"/><display value="Intracartilaginous use"/></concept><concept><code value="372461007"/><display value="Intracavernous use"/></concept><concept><code value="446540005"/><display value="Intracerebral use"/></concept><concept><code value="420719007"/><display value="Intracerebroventricular use"/></concept><concept><code value="372462000"/><display value="Intracervical use"/></concept><concept><code value="58761000052107"/><display value="Intracholangiopancreatic use"/></concept><concept><code value="418892005"/><display value="Intracisternal use"/></concept><concept><code value="418608002"/><display value="Intracorneal use"/></concept><concept><code value="372463005"/><display value="Intracoronary use"/></concept><concept><code value="372464004"/><display value="Intradermal use"/></concept><concept><code value="372465003"/><display value="Intradiscal use"/></concept><concept><code value="448077001"/><display value="Intraepidermal use"/></concept><concept><code value="445768003"/><display value="Gastric use"/></concept><concept><code value="58751000052109"/><display value="Intraglandular use"/></concept><concept><code value="372466002"/><display value="Intralesional use"/></concept><concept><code value="372467006"/><display value="Intralymphatic use"/></concept><concept><code value="447121004"/><display value="Intramammary use"/></concept><concept><code value="78421000"/><display value="Intramuscular use"/></concept><concept><code value="372468001"/><display value="Intraocular use"/></concept><concept><code value="417255000"/><display value="Intraosseous use"/></concept><concept><code value="445771006"/><display value="Intrapericardial use"/></concept><concept><code value="38239002"/><display value="Intraperitoneal use"/></concept><concept><code value="372469009"/><display value="Intrapleural use"/></concept><concept><code value="58771000052103"/><display value="Intraportal use"/></concept><concept><code value="419810008"/><display value="Intraprostatic use"/></concept><concept><code value="420201002"/><display value="Intrapulmonary use"/></concept><concept><code value="372470005"/><display value="Intrasternal use"/></concept><concept><code value="72607000"/><display value="Intrathecal use"/></concept><concept><code value="447122006"/><display value="Intratumoral use"/></concept><concept><code value="62226000"/><display value="Intrauterine use"/></concept><concept><code value="47625008"/><display value="Intravenous use"/></concept><concept><code value="420287000"/><display value="Intraventricular use"/></concept><concept><code value="372471009"/><display value="Intravesical use"/></concept><concept><code value="418401004"/><display value="Intravitreal use"/></concept><concept><code value="420185003"/><display value="Laryngopharyngeal use"/></concept><concept><code value="46713006"/><display value="Nasal use"/></concept><concept><code value="385432009"/><display value="Route of administration not applicable"/></concept><concept><code value="372472002"/><display value="Oculonasal use"/></concept><concept><code value="54485002"/><display value="Ocular use"/></concept><concept><code value="26643006"/><display value="Oral use"/></concept><concept><code value="418664002"/><display value="Oropharyngeal use"/></concept><concept><code value="10547007"/><display value="Auricular use"/></concept><concept><code value="419165009"/><display value="Paravertebral use"/></concept><concept><code value="372474001"/><display value="Periarticular use"/></concept><concept><code value="447080003"/><display value="Epidural use"/></concept><concept><code value="372475000"/><display value="Perineural use"/></concept><concept><code value="447052000"/><display value="Periodontal use"/></concept><concept><code value="420047004"/><display value="Periosseous use"/></concept><concept><code value="58811000052103"/><display value="Peritumoral use"/></concept><concept><code value="58821000052106"/><display value="Posterior juxtascleral use"/></concept><concept><code value="37161004"/><display value="Rectal use"/></concept><concept><code value="447694001"/><display value="Inhalation use"/></concept><concept><code value="418321004"/><display value="Retrobulbar use"/></concept><concept><code value="372476004"/><display value="Subconjunctival use"/></concept><concept><code value="34206005"/><display value="Subcutaneous use"/></concept><concept><code value="37839007"/><display value="Sublingual use"/></concept><concept><code value="419874009"/><display value="Submucosal use"/></concept><concept><code value="58831000052108"/><display value="Subretinal use"/></concept><concept><code value="6064005"/><display value="Local use"/></concept><concept><code value="45890007"/><display value="Transdermal use"/></concept><concept><code value="90028008"/><display value="Urethral use"/></concept><concept><code value="16857009"/><display value="Vaginal use"/></concept></include></compose></ValueSet>