<?xml version="1.0" encoding="UTF-8"?><ValueSet xmlns="http://hl7.org/fhir"><id value="BeMedicationPrescriptionStatusVS"/><text><status value="extensions"/><div xmlns="http://www.w3.org/1999/xhtml"><p class="res-header-id"><b>Generated Narrative: ValueSet BeMedicationPrescriptionStatusVS</b></p><a name="BeMedicationPrescriptionStatusVS"> </a><a name="hcBeMedicationPrescriptionStatusVS"> </a><ul><li>Include these codes as defined in <a href="http://hl7.org/fhir/R4/codesystem-medicationrequest-status.html"><code>http://hl7.org/fhir/CodeSystem/medicationrequest-status</code></a> version <span title="Version is not explicitly stated, which means it is fixed to 4.0.1, the version found through the package references">📦4.0.1</span><table class="none"><tr><td style="white-space:nowrap"><b>Code</b></td><td><b>Display</b></td><td><b>Definition</b></td></tr><tr><td><a href="http://hl7.org/fhir/R4/codesystem-medicationrequest-status.html#medicationrequest-status-active">active</a></td><td style="color: #cccccc">Active</td><td>The prescription is 'actionable', but not all actions that are implied by it have occurred yet.</td></tr><tr><td><a href="http://hl7.org/fhir/R4/codesystem-medicationrequest-status.html#medicationrequest-status-completed">completed</a></td><td style="color: #cccccc">Completed</td><td>All actions that are implied by the prescription have occurred.</td></tr><tr><td><a href="http://hl7.org/fhir/R4/codesystem-medicationrequest-status.html#medicationrequest-status-cancelled">cancelled</a></td><td style="color: #cccccc">Cancelled</td><td>The prescription has been withdrawn before any administrations have occurred</td></tr><tr><td><a href="http://hl7.org/fhir/R4/codesystem-medicationrequest-status.html#medicationrequest-status-stopped">stopped</a></td><td style="color: #cccccc">Stopped</td><td>Actions implied by the prescription are to be permanently halted, before all of the administrations occurred. This should not be used if the original order was entered in error</td></tr><tr><td><a href="http://hl7.org/fhir/R4/codesystem-medicationrequest-status.html#medicationrequest-status-entered-in-error">entered-in-error</a></td><td style="color: #cccccc">Entered in Error</td><td>Some of the actions that are implied by the medication request may have occurred.  For example, the medication may have been dispensed and the patient may have taken some of the medication.  Clinical decision support systems should take this status into account</td></tr></table></li></ul></div></text><url value="https://www.ehealth.fgov.be/standards/fhir/terminology/ValueSet/BeMedicationPrescriptionStatusVS"/><version value="1.1.0"/><name value="BeMedicationPrescriptionStatusVS"/><title value="Medication Prescription Status"/><status value="active"/><experimental value="false"/><date value="2025-10-10T10:05:23+00:00"/><publisher value="eHealth Platform"/><contact><name value="eHealth Platform"/><telecom><system value="url"/><value value="https://www.ehealth.fgov.be/standards/fhir"/></telecom><telecom><system value="email"/><value value="support@be-ehealth-standards.atlassian.net"/></telecom></contact><contact><name value="Message Structure eHealth"/><telecom><system value="email"/><value value="support@be-ehealth-standards.atlassian.net"/><use value="work"/></telecom></contact><description value="Medication prescription status codes."/><jurisdiction><coding><system value="urn:iso:std:iso:3166"/><code value="BE"/><display value="Belgium"/></coding></jurisdiction><compose><include><system value="http://hl7.org/fhir/CodeSystem/medicationrequest-status"/><concept><code value="active"/></concept><concept><code value="completed"/></concept><concept><code value="cancelled"/></concept><concept><code value="stopped"/></concept><concept><code value="entered-in-error"/></concept></include></compose></ValueSet>