<?xml version="1.0" encoding="UTF-8"?>

<ValueSet xmlns="http://hl7.org/fhir">
  <id value="BeMedicationLineAdherenceStatusReasonVS"/>
  <text>
    <status value="generated"/><div xmlns="http://www.w3.org/1999/xhtml"><p class="res-header-id"><b>Generated Narrative: ValueSet BeMedicationLineAdherenceStatusReasonVS</b></p><a name="BeMedicationLineAdherenceStatusReasonVS"> </a><a name="hcBeMedicationLineAdherenceStatusReasonVS"> </a><ul><li>Include all codes defined in <a href="CodeSystem-BeMedicationLineAdherenceStatusReason.html"><code>https://www.ehealth.fgov.be/standards/fhir/terminology/CodeSystem/BeMedicationLineAdherenceStatusReason</code></a> version <span title="Version is not explicitly stated, which means it is fixed to the version provided in this specification">&#x1F4E6;1.1.0</span></li></ul></div>
  </text>
  <url value="https://www.ehealth.fgov.be/standards/fhir/terminology/ValueSet/BeMedicationLineAdherenceStatusReasonVS"/>
  <version value="1.1.0"/>
  <name value="BeMedicationLineAdherenceStatusReasonVS"/>
  <title value="Adherence Status Reason ValueSet"/>
  <status value="active"/>
  <experimental value="true"/>
  <date value="2025-10-10T10:05:23+00:00"/>
  <publisher value="eHealth Platform"/>
  <contact>
    <name value="eHealth Platform"/>
    <telecom>
      <system value="url"/>
      <value value="https://www.ehealth.fgov.be/standards/fhir"/>
    </telecom>
    <telecom>
      <system value="email"/>
      <value value="support@be-ehealth-standards.atlassian.net"/>
    </telecom>
  </contact>
  <contact>
    <name value="Message Structure eHealth"/>
    <telecom>
      <system value="email"/>
      <value value="support@be-ehealth-standards.atlassian.net"/>
      <use value="work"/>
    </telecom>
  </contact>
  <description value="ValueSet containing reasons for non-adherence to a treatment or intervention."/>
  <jurisdiction>
    <coding>
      <system value="urn:iso:std:iso:3166"/>
      <code value="BE"/>
      <display value="Belgium"/>
    </coding>
  </jurisdiction>
  <compose>
    <include>
      <system value="https://www.ehealth.fgov.be/standards/fhir/terminology/CodeSystem/BeMedicationLineAdherenceStatusReason"/>
    </include>
  </compose>
</ValueSet>