{"resourceType":"ValueSet","id":"BeMedicationLineOriginTypeVS","text":{"status":"generated","div":"<div xmlns=\"http://www.w3.org/1999/xhtml\"><p class=\"res-header-id\"><b>Generated Narrative: ValueSet BeMedicationLineOriginTypeVS</b></p><a name=\"BeMedicationLineOriginTypeVS\"> </a><a name=\"hcBeMedicationLineOriginTypeVS\"> </a><ul><li>Include all codes defined in <a href=\"CodeSystem-BeMedicationLineOriginType.html\"><code>https://www.ehealth.fgov.be/standards/fhir/terminology/CodeSystem/BeMedicationLineOriginType</code></a></li></ul></div>"},"url":"https://www.ehealth.fgov.be/standards/fhir/terminology/ValueSet/BeMedicationLineOriginTypeVS","version":"1.1.0","name":"BeMedicationLineOriginTypeVS","title":"Medication origin type value set","status":"active","experimental":false,"date":"2025-09-26T15:03:09+00:00","publisher":"HL7 Belgium","contact":[{"name":"HL7 Belgium","telecom":[{"system":"url","value":"https://www.hl7belgium.org"},{"system":"email","value":"hl7belgium@hl7belgium.org"}]},{"name":"Message Structure eHealth","telecom":[{"system":"email","value":"message-structure@ehealth.fgov.be","use":"work"}]}],"description":"Medication origin type value set","jurisdiction":[{"coding":[{"system":"urn:iso:std:iso:3166","code":"BE","display":"Belgium"}]}],"compose":{"include":[{"system":"https://www.ehealth.fgov.be/standards/fhir/terminology/CodeSystem/BeMedicationLineOriginType"}]}}