<?xml version="1.0" encoding="UTF-8"?>

<Organization xmlns="http://hl7.org/fhir">
  <id value="apotheek-onder-de-toren"/>
  <meta>
    <profile value="https://www.ehealth.fgov.be/standards/fhir/core/StructureDefinition/be-organization"/>
  </meta>
  <text>
    <status value="generated"/><div xmlns="http://www.w3.org/1999/xhtml"><p class="res-header-id"><b>Generated Narrative: Organization apotheek-onder-de-toren</b></p><a name="apotheek-onder-de-toren"> </a><a name="hcapotheek-onder-de-toren"> </a><a name="apotheek-onder-de-toren-en-US"> </a><p><b>identifier</b>: <code>https://www.ehealth.fgov.be/standards/fhir/NamingSystem/nihdi-organization</code>/27457532</p><p><b>type</b>: <span title="Codes:{https://www.ehealth.fgov.be/standards/fhir/core/CodeSystem/cd-hcparty orgpharmacy}">Independent pharmacy</span></p></div>
  </text>
  <identifier>
    <system value="https://www.ehealth.fgov.be/standards/fhir/NamingSystem/nihdi-organization"/>
    <value value="27457532"/>
  </identifier>
  <type>
    <coding>
      <system value="https://www.ehealth.fgov.be/standards/fhir/core/CodeSystem/cd-hcparty"/>
      <code value="orgpharmacy"/>
    </coding>
  </type>
</Organization>