<?xml version="1.0" encoding="UTF-8"?>

<Bundle xmlns="http://hl7.org/fhir">
  <id value="ab738e04-7a46-4887-b240-23409a9c1d53"/>
  <meta>
    <lastUpdated value="2022-06-17T12:47:22.234+00:00"/>
  </meta>
  <type value="collection"/>
  <entry>
    <fullUrl value="https://www.ehealth.fgov.be/standards/fhir/medication/ValueSet/be-vs-dispenser-types"/>
    <resource>
      <ValueSet>
        <id value="be-vs-dispenser-types"/>
        <text>
          <status value="generated"/>
          <div xmlns="http://www.w3.org/1999/xhtml">
            <p>This value set contains 7 concepts</p>
            <p style="border: black 1px dotted; background-color: #EEEEEE; padding: 8px; margin-bottom: 8px">Expansion based on 
              <a href="https://www.ehealth.fgov.be/standards/fhir/core/2.0.0/CodeSystem-cd-hcparty.html">HCParty v2.0.0 (CodeSystem)</a>
            </p>
            <p>All codes in this table are from the system 
              <a href="https://www.ehealth.fgov.be/standards/fhir/core/2.0.0/CodeSystem-cd-hcparty.html">
                <code>https://www.ehealth.fgov.be/standards/fhir/core/CodeSystem/cd-hcparty</code>
              </a>
            </p>
            <table class="codes">
              <tr>
                <td style="white-space:nowrap">
                  <b>Code</b>
                </td>
                <td>
                  <b>Display</b>
                </td>
              </tr>
              <tr>
                <td style="white-space:nowrap">
                  <a name="https---www.ehealth.fgov.be-standards-fhir-core-CodeSystem-cd-hcparty-deptpharmacy"> </a>  
                  <a href="https://www.ehealth.fgov.be/standards/fhir/core/2.0.0/CodeSystem-cd-hcparty.html#cd-hcparty-deptpharmacy">deptpharmacy</a>
                </td>
                <td>Pharmacy service or department within an organisation</td>
              </tr>
              <tr>
                <td style="white-space:nowrap">
                  <a name="https---www.ehealth.fgov.be-standards-fhir-core-CodeSystem-cd-hcparty-perspharmacist"> </a>  
                  <a href="https://www.ehealth.fgov.be/standards/fhir/core/2.0.0/CodeSystem-cd-hcparty.html#cd-hcparty-perspharmacist">perspharmacist</a>
                </td>
                <td>pharmacist</td>
              </tr>
              <tr>
                <td style="white-space:nowrap">
                  <a name="https---www.ehealth.fgov.be-standards-fhir-core-CodeSystem-cd-hcparty-orgpharmacy"> </a>  
                  <a href="https://www.ehealth.fgov.be/standards/fhir/core/2.0.0/CodeSystem-cd-hcparty.html#cd-hcparty-orgpharmacy">orgpharmacy</a>
                </td>
                <td>Independent pharmacy</td>
              </tr>
              <tr>
                <td style="white-space:nowrap">
                  <a name="https---www.ehealth.fgov.be-standards-fhir-core-CodeSystem-cd-hcparty-perspharmacyassistant"> </a>  
                  <a href="https://www.ehealth.fgov.be/standards/fhir/core/2.0.0/CodeSystem-cd-hcparty.html#cd-hcparty-perspharmacyassistant">perspharmacyassistant</a>
                </td>
                <td>pharmacy assistant</td>
              </tr>
              <tr>
                <td style="white-space:nowrap">
                  <a name="https---www.ehealth.fgov.be-standards-fhir-core-CodeSystem-cd-hcparty-perspharmacistclinicalbiologist"> </a>  
                  <a href="https://www.ehealth.fgov.be/standards/fhir/core/2.0.0/CodeSystem-cd-hcparty.html#cd-hcparty-perspharmacistclinicalbiologist">perspharmacistclinicalbiologist</a>
                </td>
                <td>pharmacist-clinical biologist</td>
              </tr>
              <tr>
                <td style="white-space:nowrap">
                  <a name="https---www.ehealth.fgov.be-standards-fhir-core-CodeSystem-cd-hcparty-persdentist"> </a>  
                  <a href="https://www.ehealth.fgov.be/standards/fhir/core/2.0.0/CodeSystem-cd-hcparty.html#cd-hcparty-persdentist">persdentist</a>
                </td>
                <td>dentist</td>
              </tr>
              <tr>
                <td style="white-space:nowrap">
                  <a name="https---www.ehealth.fgov.be-standards-fhir-core-CodeSystem-cd-hcparty-deptdentistry"> </a>  
                  <a href="https://www.ehealth.fgov.be/standards/fhir/core/2.0.0/CodeSystem-cd-hcparty.html#cd-hcparty-deptdentistry">deptdentistry</a>
                </td>
                <td>dentistry</td>
              </tr>
            </table>
          </div>
        </text>
        <extension url="http://hl7.org/fhir/StructureDefinition/structuredefinition-fmm">
          <valueInteger value="1"/>
        </extension>
        <url value="https://www.ehealth.fgov.be/standards/fhir/medication/ValueSet/be-vs-dispenser-types"/>
        <version value="1.0.0"/>
        <name value="DispenserTypes"/>
        <title value="Dispenser Types"/>
        <status value="active"/>
        <date value="2022-06-17T12:47:22+00:00"/>
        <publisher value="eHealth Platform"/>
        <contact>
          <name value="eHealth Platform"/>
          <telecom>
            <system value="url"/>
            <value value="https://www.ehealth.fgov.be/standards/fhir"/>
          </telecom>
          <telecom>
            <system value="email"/>
            <value value="message-structure@ehealth.fgov.be"/>
          </telecom>
        </contact>
        <contact>
          <name value="Message Structure eHealth"/>
          <telecom>
            <system value="email"/>
            <value value="message-structure@ehealth.fgov.be"/>
            <use value="work"/>
          </telecom>
        </contact>
        <description value="Dispenser Types - from hcparty"/>
        <jurisdiction>
          <coding>
            <system value="urn:iso:std:iso:3166"/>
            <code value="BE"/>
            <display value="Belgium"/>
          </coding>
        </jurisdiction>
        <expansion>
          <identifier value="urn:uuid:4722b19a-dde4-468f-829c-030bc8ef5382"/>
          <timestamp value="2022-06-17T12:47:46+00:00"/>
          <total value="7"/>
          <parameter>
            <name value="excludeNested"/>
            <valueBoolean value="false"/>
          </parameter>
          <parameter>
            <name value="version"/>
            <valueUri value="https://www.ehealth.fgov.be/standards/fhir/core/CodeSystem/cd-hcparty|2.0.0"/>
          </parameter>
          <contains>
            <system value="https://www.ehealth.fgov.be/standards/fhir/core/CodeSystem/cd-hcparty"/>
            <code value="deptpharmacy"/>
            <display value="Pharmacy service or department within an organisation"/>
          </contains>
          <contains>
            <system value="https://www.ehealth.fgov.be/standards/fhir/core/CodeSystem/cd-hcparty"/>
            <code value="perspharmacist"/>
            <display value="pharmacist"/>
          </contains>
          <contains>
            <system value="https://www.ehealth.fgov.be/standards/fhir/core/CodeSystem/cd-hcparty"/>
            <code value="orgpharmacy"/>
            <display value="Independent pharmacy"/>
          </contains>
          <contains>
            <system value="https://www.ehealth.fgov.be/standards/fhir/core/CodeSystem/cd-hcparty"/>
            <code value="perspharmacyassistant"/>
            <display value="pharmacy assistant"/>
          </contains>
          <contains>
            <system value="https://www.ehealth.fgov.be/standards/fhir/core/CodeSystem/cd-hcparty"/>
            <code value="perspharmacistclinicalbiologist"/>
            <display value="pharmacist-clinical biologist"/>
          </contains>
          <contains>
            <system value="https://www.ehealth.fgov.be/standards/fhir/core/CodeSystem/cd-hcparty"/>
            <code value="persdentist"/>
            <display value="dentist"/>
          </contains>
          <contains>
            <system value="https://www.ehealth.fgov.be/standards/fhir/core/CodeSystem/cd-hcparty"/>
            <code value="deptdentistry"/>
            <display value="dentistry"/>
          </contains>
        </expansion>
      </ValueSet>
    </resource>
  </entry>
</Bundle>