{
  "resourceType" : "ValueSet",
  "id" : "BeMedicationTypeVS",
  "text" : {
    "status" : "generated",
    "div" : "<div xmlns=\"http://www.w3.org/1999/xhtml\"><p class=\"res-header-id\"><b>Generated Narrative: ValueSet BeMedicationTypeVS</b></p><a name=\"BeMedicationTypeVS\"> </a><a name=\"hcBeMedicationTypeVS\"> </a><ul><li>Include all codes defined in <a href=\"CodeSystem-BeMedicationType.html\"><code>https://www.ehealth.fgov.be/standards/fhir/terminology/CodeSystem/BeMedicationType</code></a><span title=\"Version is not explicitly stated, which means it is fixed to the version provided in this specification\"> version &#x1F4E6;1.1.0</span></li></ul></div>"
  },
  "url" : "https://www.ehealth.fgov.be/standards/fhir/terminology/ValueSet/BeMedicationTypeVS",
  "version" : "1.1.0",
  "name" : "BeMedicationTypeVS",
  "title" : "Medication preparation Type value set",
  "status" : "active",
  "experimental" : false,
  "date" : "2025-12-02T14:49:22+00:00",
  "publisher" : "eHealth Platform",
  "contact" : [{
    "name" : "eHealth Platform",
    "telecom" : [{
      "system" : "url",
      "value" : "https://www.ehealth.fgov.be/standards/fhir"
    },
    {
      "system" : "email",
      "value" : "support@be-ehealth-standards.atlassian.net"
    }]
  },
  {
    "name" : "Message Structure eHealth",
    "telecom" : [{
      "system" : "email",
      "value" : "support@be-ehealth-standards.atlassian.net",
      "use" : "work"
    }]
  }],
  "description" : "Medication preparation type value set",
  "jurisdiction" : [{
    "coding" : [{
      "system" : "urn:iso:std:iso:3166",
      "code" : "BE",
      "display" : "Belgium"
    }]
  }],
  "compose" : {
    "include" : [{
      "system" : "https://www.ehealth.fgov.be/standards/fhir/terminology/CodeSystem/BeMedicationType"
    }]
  }
}