<?xml version="1.0" encoding="UTF-8"?>

<ValueSet xmlns="http://hl7.org/fhir">
  <id value="BeMedicationLineOriginTypeVS"/>
  <text>
    <status value="generated"/><div xmlns="http://www.w3.org/1999/xhtml"><p class="res-header-id"><b>Generated Narrative: ValueSet BeMedicationLineOriginTypeVS</b></p><a name="BeMedicationLineOriginTypeVS"> </a><a name="hcBeMedicationLineOriginTypeVS"> </a><ul><li>Include all codes defined in <a href="CodeSystem-BeMedicationLineOriginType.html"><code>https://www.ehealth.fgov.be/standards/fhir/terminology/CodeSystem/BeMedicationLineOriginType</code></a><span title="Version is not explicitly stated, which means it is fixed to the version provided in this specification"> version &#x1F4E6;1.1.0</span></li></ul></div>
  </text>
  <url value="https://www.ehealth.fgov.be/standards/fhir/terminology/ValueSet/BeMedicationLineOriginTypeVS"/>
  <version value="1.1.0"/>
  <name value="BeMedicationLineOriginTypeVS"/>
  <title value="Medication origin type value set"/>
  <status value="active"/>
  <experimental value="false"/>
  <date value="2025-12-02T14:49:22+00:00"/>
  <publisher value="eHealth Platform"/>
  <contact>
    <name value="eHealth Platform"/>
    <telecom>
      <system value="url"/>
      <value value="https://www.ehealth.fgov.be/standards/fhir"/>
    </telecom>
    <telecom>
      <system value="email"/>
      <value value="support@be-ehealth-standards.atlassian.net"/>
    </telecom>
  </contact>
  <contact>
    <name value="Message Structure eHealth"/>
    <telecom>
      <system value="email"/>
      <value value="support@be-ehealth-standards.atlassian.net"/>
      <use value="work"/>
    </telecom>
  </contact>
  <description value="Medication origin type value set"/>
  <jurisdiction>
    <coding>
      <system value="urn:iso:std:iso:3166"/>
      <code value="BE"/>
      <display value="Belgium"/>
    </coding>
  </jurisdiction>
  <compose>
    <include>
      <system value="https://www.ehealth.fgov.be/standards/fhir/terminology/CodeSystem/BeMedicationLineOriginType"/>
    </include>
  </compose>
</ValueSet>