{"resourceType":"ValueSet","id":"BeMedicationPrescriptionStatusVS","text":{"status":"extensions","div":"<div xmlns=\"http://www.w3.org/1999/xhtml\"><p class=\"res-header-id\"><b>Generated Narrative: ValueSet BeMedicationPrescriptionStatusVS</b></p><a name=\"BeMedicationPrescriptionStatusVS\"> </a><a name=\"hcBeMedicationPrescriptionStatusVS\"> </a><ul><li>Include these codes as defined in <a href=\"http://hl7.org/fhir/R4/codesystem-medicationrequest-status.html\"><code>http://hl7.org/fhir/CodeSystem/medicationrequest-status</code></a><span title=\"Version is not explicitly stated, which means it is fixed to 4.0.1, the version found through the package references\"> version &#x1F4E6;4.0.1</span><table class=\"none\"><tr><td style=\"white-space:nowrap\"><b>Code</b></td><td><b>Display</b></td><td><b>Definition</b></td></tr><tr><td><a href=\"http://hl7.org/fhir/R4/codesystem-medicationrequest-status.html#medicationrequest-status-active\">active</a></td><td style=\"color: #cccccc\">Active</td><td>The prescription is 'actionable', but not all actions that are implied by it have occurred yet.</td></tr><tr><td><a href=\"http://hl7.org/fhir/R4/codesystem-medicationrequest-status.html#medicationrequest-status-completed\">completed</a></td><td style=\"color: #cccccc\">Completed</td><td>All actions that are implied by the prescription have occurred.</td></tr><tr><td><a href=\"http://hl7.org/fhir/R4/codesystem-medicationrequest-status.html#medicationrequest-status-cancelled\">cancelled</a></td><td style=\"color: #cccccc\">Cancelled</td><td>The prescription has been withdrawn before any administrations have occurred</td></tr><tr><td><a href=\"http://hl7.org/fhir/R4/codesystem-medicationrequest-status.html#medicationrequest-status-stopped\">stopped</a></td><td style=\"color: #cccccc\">Stopped</td><td>Actions implied by the prescription are to be permanently halted, before all of the administrations occurred. This should not be used if the original order was entered in error</td></tr><tr><td><a href=\"http://hl7.org/fhir/R4/codesystem-medicationrequest-status.html#medicationrequest-status-entered-in-error\">entered-in-error</a></td><td style=\"color: #cccccc\">Entered in Error</td><td>Some of the actions that are implied by the medication request may have occurred.  For example, the medication may have been dispensed and the patient may have taken some of the medication.  Clinical decision support systems should take this status into account</td></tr></table></li></ul></div>"},"url":"https://www.ehealth.fgov.be/standards/fhir/terminology/ValueSet/BeMedicationPrescriptionStatusVS","version":"1.1.0","name":"BeMedicationPrescriptionStatusVS","title":"Medication Prescription Status","status":"active","experimental":false,"date":"2025-12-02T14:49:22+00:00","publisher":"eHealth Platform","contact":[{"name":"eHealth Platform","telecom":[{"system":"url","value":"https://www.ehealth.fgov.be/standards/fhir"},{"system":"email","value":"support@be-ehealth-standards.atlassian.net"}]},{"name":"Message Structure eHealth","telecom":[{"system":"email","value":"support@be-ehealth-standards.atlassian.net","use":"work"}]}],"description":"Medication prescription status codes.","jurisdiction":[{"coding":[{"system":"urn:iso:std:iso:3166","code":"BE","display":"Belgium"}]}],"compose":{"include":[{"system":"http://hl7.org/fhir/CodeSystem/medicationrequest-status","concept":[{"code":"active"},{"code":"completed"},{"code":"cancelled"},{"code":"stopped"},{"code":"entered-in-error"}]}]}}