URL,Version,Status,OIDs,Name,Title,Descriptino,Uses,Used,Sources
http://hl7.org/fhir/ValueSet/medication-codes,4.0.1,draft,"2.16.840.1.113883.4.642.3.375",SNOMEDCTMedicationCodes,SNOMED CT Medication Codes,"This value set includes all drug or medicament substance codes and all pharmaceutical/biologic products from SNOMED CT - provided as an exemplar value set.","StructureDefinition/BeMedicationDispense","SCT"
http://hl7.org/fhir/ValueSet/route-codes,4.0.1,draft,"2.16.840.1.113883.4.642.3.98",SNOMEDCTRouteCodes,SNOMED CT Route Codes,"This value set includes all Route codes from SNOMED CT - provided as an exemplar.","StructureDefinition/be-dosage","SCT"
https://www.ehealth.fgov.be/standards/fhir/medication/ValueSet/MedicationRequestReimbursementTypeVS,1.1.0,draft,,MedicationRequestReimbursementTypeVS,Medication request reimbursement type ValueSet,"Medication request reimbursement type - instructions for reimbursement of the medication request","StructureDefinition/InstructionsForReimbursement,StructureDefinition/BeModelMedicationPrescription","Internal"
https://www.ehealth.fgov.be/standards/fhir/medication/ValueSet/be-vs-dispenser-types,1.1.0,draft,,DispenserTypes,Dispenser Types,"Dispenser Types - from hcparty",,"hl7.fhir.be.core"
https://www.ehealth.fgov.be/standards/fhir/medication/ValueSet/medication-exposure-category-vs,1.1.0,draft,,MedicationExposureCategoryVS,Medication exposure intent,"The exposure purpose of a medication - whether the medication is given for therapeutic or prophylactic purposes.","StructureDefinition/ExposureCategory,StructureDefinition/BeModelMedicationLine","SCT"
https://www.ehealth.fgov.be/standards/fhir/medication/ValueSet/medication-line-origin-type-vs,1.1.0,active,,MedicationLineOrigintypeVS,Medication origin type ValueSet,"Medication treatment origin type - what is the type of care that originated the medication treatment",,"Internal"
https://www.ehealth.fgov.be/standards/fhir/medication/ValueSet/medication-type-vs,1.1.0,draft,,BeModelMedicationTypeVS,Medication preparation Type value set,"Medication preparation type value set","StructureDefinition/BeModelMedicationLine","Internal"
