{
  "resourceType": "NamingSystem",
  "id": "be-ns-product-package-type",
  "text": {
    "status": "generated",
    "div": "<div xmlns=\"http://www.w3.org/1999/xhtml\"><h3>Summary</h3><table class=\"grid\"><tr><td>Defining URL</td><td>https://www.ehealth.fgov.be/standards/fhir/medication/ImplementationGuide-hl7.fhir.be.medication/NamingSystem/be-ns-product-package-type</td></tr><tr><td>Version</td><td>1.0.0</td></tr><tr><td>Name</td><td>BeNSProductPackage</td></tr><tr><td>Status</td><td>active</td></tr><tr><td>Definition</td><td><div><p>Naming System - Product Package Types</p>\n</div></td></tr><tr><td>Publisher</td><td>eHealth Platform</td></tr></table><h3>Identifiers</h3><table class=\"grid\"><tr><td><b>Type</b></td><td><b>Value</b></td><td><b>Preferred</b></td></tr><tr><td>URI</td><td>https://www.ehealth.fgov.be/standards/fhir/NamingSystem/product-package-type</td><td>true</td></tr></table></div>"
  },
  "name": "BeNSProductPackage",
  "status": "active",
  "kind": "codesystem",
  "date": "2020-07-24",
  "publisher": "eHealth Platform",
  "contact": [
    {
      "name": "eHealth Platform",
      "telecom": [
        {
          "system": "url",
          "value": "https://www.ehealth.fgov.be/standards/fhir"
        },
        {
          "system": "email",
          "value": "message-structure@ehealth.fgov.be"
        }
      ]
    },
    {
      "name": "Message Structure eHealth",
      "telecom": [
        {
          "system": "email",
          "value": "message-structure@ehealth.fgov.be",
          "use": "work"
        }
      ]
    }
  ],
  "description": "Naming System - Product Package Types",
  "jurisdiction": [
    {
      "coding": [
        {
          "system": "urn:iso:std:iso:3166",
          "code": "BE",
          "display": "Belgium"
        }
      ]
    }
  ],
  "uniqueId": [
    {
      "type": "uri",
      "value": "https://www.ehealth.fgov.be/standards/fhir/NamingSystem/product-package-type",
      "preferred": true
    }
  ]
}